[{
		"WasherId": "1234",
		"FirstName": "Sandeep",
		"LastName": "Goyal",
		"Email": "sandeep.goyal@bitsinglass.com",
		"Phone": "9916888307",
		"Active": true,
		"Address":  "Flat 7",
		"Address2":  "118 Blackhorse Grove", 
		"District":  "MA", 
		"City":  "Boston", 
		"PostalCode":  "02130" 			      	 
},
{
		"WasherId": "1235",
		"FirstName": "Goyal",
		"LastName": "Sandeep",
		"Email": "goyal.sandeep@bitsinglass.com",
		"Phone": "9916888308",
		"Active": true,
		"Address":  "Flat 8",
		"Address2":  "119 Blackhorse Grove", 
		"District":  "MA", 
		"City":  "Boston", 
		"PostalCode":  "02130" 			      	 
}
]